"Excited to share this new product with you all! 🎉","instagram","2024-01-15"
"What's your favorite way to stay productive?","linkedin","2024-01-14"
"Behind the scenes of building something amazing","instagram","2024-01-13"
"Quick tip: Always put your audience first 💡","linkedin","2024-01-12"
"Coffee first, creativity second ☕️","instagram","2024-01-11"
"Let me know your thoughts in the comments!","instagram","2024-01-10"
"This is what 6 months of hard work looks like","linkedin","2024-01-09"
"Can't believe how far we've come 🚀","instagram","2024-01-08"
"Stop scrolling and read this","instagram","2024-01-07"
"Your daily reminder to keep going 💪","linkedin","2024-01-06"

